Datetime,Water Level (m)
2025-09-20 06:00:00,0.8509545
2025-09-20 07:00:00,0.9337665
2025-09-20 08:00:00,0.81195486
2025-09-20 09:00:00,0.63517994
2025-09-20 10:00:00,0.45093188
2025-09-20 11:00:00,0.28499776
2025-09-20 12:00:00,0.13347097
2025-09-20 13:00:00,0.0051946924
2025-09-20 14:00:00,-0.05391901
2025-09-20 15:00:00,0.10885786
2025-09-20 16:00:00,0.36421886
2025-09-20 17:00:00,0.72281826
2025-09-20 18:00:00,0.9081683
2025-09-20 19:00:00,0.9972624
2025-09-20 20:00:00,0.90478677
2025-09-20 21:00:00,0.71096194
2025-09-20 22:00:00,0.53672415
2025-09-20 23:00:00,0.36547336
2025-09-21 00:00:00,0.21227682
2025-09-21 01:00:00,0.076633506
2025-09-21 02:00:00,-0.0031740668
2025-09-21 03:00:00,0.12269931
2025-09-21 04:00:00,0.38909656
2025-09-21 05:00:00,0.75599456
2025-09-21 06:00:00,0.964313
2025-09-21 07:00:00,1.0812358
2025-09-21 08:00:00,1.0440189
2025-09-21 09:00:00,0.8393951
2025-09-21 10:00:00,0.6595827
2025-09-21 11:00:00,0.49365553
2025-09-21 12:00:00,0.32721618
2025-09-21 13:00:00,0.18027931
2025-09-21 14:00:00,0.06669477
2025-09-21 15:00:00,0.098799996
2025-09-21 16:00:00,0.34986517
2025-09-21 17:00:00,0.7073587
2025-09-21 18:00:00,0.94640046
2025-09-21 19:00:00,1.0937159
2025-09-21 20:00:00,1.119955
2025-09-21 21:00:00,0.9295847
2025-09-21 22:00:00,0.7490898
2025-09-21 23:00:00,0.5767773
2025-09-22 00:00:00,0.41173878
2025-09-22 01:00:00,0.26400396
2025-09-22 02:00:00,0.1341829
2025-09-22 03:00:00,0.11053106
2025-09-22 04:00:00,0.33348253
2025-09-22 05:00:00,0.6953192
2025-09-22 06:00:00,0.9519774
2025-09-22 07:00:00,1.1308684
2025-09-22 08:00:00,1.1731919
2025-09-22 09:00:00,1.0117828
2025-09-22 10:00:00,0.81518525
2025-09-22 11:00:00,0.6461647
2025-09-22 12:00:00,0.4910317
2025-09-22 13:00:00,0.335493
2025-09-22 14:00:00,0.19543764
2025-09-22 15:00:00,0.12498629
2025-09-22 16:00:00,0.27764502
2025-09-22 17:00:00,0.57174796
2025-09-22 18:00:00,0.92877024
2025-09-22 19:00:00,1.1307706
2025-09-22 20:00:00,1.2148708
2025-09-22 21:00:00,1.104705
2025-09-22 22:00:00,0.8971704
2025-09-22 23:00:00,0.7318502
2025-09-23 00:00:00,0.58662426
2025-09-23 01:00:00,0.43248916
2025-09-23 02:00:00,0.29457575
2025-09-23 03:00:00,0.19667466
2025-09-23 04:00:00,0.27650073
2025-09-23 05:00:00,0.5494235
2025-09-23 06:00:00,0.90984964
2025-09-23 07:00:00,1.1173354
2025-09-23 08:00:00,1.2322757
2025-09-23 09:00:00,1.1645944
2025-09-23 10:00:00,0.9583456
2025-09-23 11:00:00,0.80279464
2025-09-23 12:00:00,0.6385649
2025-09-23 13:00:00,0.50954133
2025-09-23 14:00:00,0.364428
2025-09-23 15:00:00,0.2547854
2025-09-23 16:00:00,0.28997415
2025-09-23 17:00:00,0.54999024
2025-09-23 18:00:00,0.9136933
2025-09-23 19:00:00,1.1485095
2025-09-23 20:00:00,1.2973506
2025-09-23 21:00:00,1.2818712
2025-09-23 22:00:00,1.0750785
2025-09-23 23:00:00,0.89906603
2025-09-24 00:00:00,0.7219052
2025-09-24 01:00:00,0.63551575
2025-09-24 02:00:00,0.48383266
2025-09-24 03:00:00,0.36425582
2025-09-24 04:00:00,0.34053788
2025-09-24 05:00:00,0.5297241
2025-09-24 06:00:00,0.87926275
2025-09-24 07:00:00,1.128867
2025-09-24 08:00:00,1.2945935
2025-09-24 09:00:00,1.2911892
2025-09-24 10:00:00,1.0980822
2025-09-24 11:00:00,0.9287084
2025-09-24 12:00:00,0.74791384
2025-09-24 13:00:00,0.66802204
2025-09-24 14:00:00,0.5146427
2025-09-24 15:00:00,0.39313725
2025-09-24 16:00:00,0.3466482
2025-09-24 17:00:00,0.5027568
2025-09-24 18:00:00,0.8292935
2025-09-24 19:00:00,1.1358703
2025-09-24 20:00:00,1.3268137
2025-09-24 21:00:00,1.3757021
2025-09-24 22:00:00,1.2418618
2025-09-24 23:00:00,1.0514895
2025-09-25 00:00:00,0.90834147
2025-09-25 01:00:00,0.74297345
2025-09-25 02:00:00,0.61700517
2025-09-25 03:00:00,0.5085829
2025-09-25 04:00:00,0.42032108
2025-09-25 05:00:00,0.49667072
2025-09-25 06:00:00,0.74750185
2025-09-25 07:00:00,1.0753936
2025-09-25 08:00:00,1.2575023
2025-09-25 09:00:00,1.3224368
2025-09-25 10:00:00,1.1975919
2025-09-25 11:00:00,1.0293386
2025-09-25 12:00:00,0.8952747
2025-09-25 13:00:00,0.73376495
2025-09-25 14:00:00,0.612726
2025-09-25 15:00:00,0.50600296
2025-09-25 16:00:00,0.4196024
2025-09-25 17:00:00,0.49655974
2025-09-25 18:00:00,0.76192623
2025-09-25 19:00:00,1.1237125
2025-09-25 20:00:00,1.3577975
2025-09-25 21:00:00,1.4789734
2025-09-25 22:00:00,1.4766088
2025-09-25 23:00:00,1.30542
2025-09-26 00:00:00,1.1665986
2025-09-26 01:00:00,1.02295
2025-09-26 02:00:00,0.8744744
2025-09-26 03:00:00,0.7486324
2025-09-26 04:00:00,0.72882557
2025-09-26 05:00:00,0.7509927
2025-09-26 06:00:00,0.99451405
